 "prop" , "support" ,
 "http://www.w3.org/1999/02/22-rdf-syntax-ns#type" , "2528" ,
 "http://www.w3.org/ns/prov#hadPrimarySource" , "2528" ,
 "http://www.w3.org/2000/01/rdf-schema#label" , "1155" ,
 "http://www.w3.org/2002/07/owl#versionInfo" , "1119" ,
 "http://www.w3.org/2000/01/rdf-schema#comment" , "1069" ,
 "http://www.w3.org/2002/07/owl#imports" , "833" ,
 "http://purl.org/dc/terms/title" , "728" ,
 "http://www.w3.org/2002/07/owl#versionIRI" , "716" ,
 "http://purl.org/dc/terms/license" , "663" ,
 "http://purl.org/dc/terms/creator" , "661" ,
 "http://purl.org/dc/terms/description" , "610" ,
 "http://purl.org/vocab/vann/preferredNamespacePrefix" , "599" ,
 "http://purl.org/dc/terms/modified" , "594" ,
 "http://purl.org/vocab/vann/preferredNamespaceUri" , "584" ,
 "http://purl.org/dc/elements/1.1/title" , "475" ,
 "http://purl.org/dc/elements/1.1/creator" , "471" ,
 "http://purl.org/dc/terms/issued" , "418" ,
 "http://purl.org/dc/elements/1.1/description" , "390" ,
 "http://www.w3.org/2000/01/rdf-schema#seeAlso" , "368" ,
 "http://purl.org/dc/terms/created" , "348" ,
 "http://purl.org/dc/terms/contributor" , "326" ,
 "http://purl.org/dc/terms/publisher" , "290" ,
 "http://www.w3.org/2004/02/skos/core#prefLabel" , "270" ,
 "http://purl.org/dc/terms/rights" , "264" ,
 "http://creativecommons.org/ns#license" , "214" ,
 "http://www.w3.org/2002/07/owl#priorVersion" , "198" ,
 "http://purl.org/dc/elements/1.1/contributor" , "196" ,
 "http://www.w3.org/2004/02/skos/core#definition" , "176" ,
 "http://www.w3.org/2000/01/rdf-schema#isDefinedBy" , "169" ,
 "http://purl.org/dc/elements/1.1/rights" , "167" ,
 "http://purl.org/dc/elements/1.1/date" , "140" ,
 "http://www.w3.org/2004/02/skos/core#note" , "138" ,
 "http://www.w3.org/2004/02/skos/core#hasTopConcept" , "130" ,
 "http://purl.org/dc/terms/abstract" , "126" ,
 "http://purl.org/dc/elements/1.1/publisher" , "120" ,
 "http://www.w3.org/2004/02/skos/core#changeNote" , "99" ,
 "http://purl.org/dc/terms/source" , "96" ,
 "http://xmlns.com/foaf/0.1/homepage" , "78" ,
 "http://www.omg.org/techprocess/ab/SpecificationMetadata/copyright" , "70" ,
 "http://www.omg.org/techprocess/ab/SpecificationMetadata/filename" , "70" ,
 "http://www.omg.org/techprocess/ab/SpecificationMetadata/fileAbbreviation" , "69" ,
 "http://www.omg.org/techprocess/ab/SpecificationMetadata/contentLanguage" , "68" ,
 "http://xmlns.com/foaf/0.1/maker" , "67" ,
 "http://www.geneontology.org/formats/oboInOwl#default-namespace" , "66" ,
 "http://www.omg.org/techprocess/ab/SpecificationMetadata/dependsOn" , "61" ,
 "http://www.geneontology.org/formats/oboInOwl#hasOBOFormatVersion" , "56" ,
 "https://spec.edmcouncil.org/fibo/ontology/FND/Utilities/AnnotationVocabulary/hasMaturityLevel" , "56" ,
 "http://purl.org/dc/elements/1.1/format" , "55" ,
 "http://purl.org/dc/terms/identifier" , "51" ,
 "http://purl.org/dc/elements/1.1/identifier" , "48" ,
 "http://purl.org/pav/createdOn" , "45" ,
 "http://purl.org/pav/version" , "45" ,
 "http://purl.org/dc/terms/hasVersion" , "44" ,
 "http://www.geneontology.org/formats/oboInOwl#saved-by" , "44" ,
 "http://purl.org/pav/lastUpdatedOn" , "43" ,
 "http://www.geneontology.org/formats/oboInOwl#date" , "43" ,
 "http://www.w3.org/2007/05/powder-s#describedby" , "42" ,
 "http://purl.org/dc/elements/1.1/issued" , "41" ,
 "http://purl.org/dc/elements/1.1/modified" , "37" ,
 "http://purl.org/dc/terms/date" , "37" ,
 "http://purl.org/dc/elements/1.1/source" , "36" ,
 "http://purl.org/dc/terms/type" , "36" ,
 "http://w3id.org/charta77/jup/seeAlso" , "36" ,
 "http://open.vocab.org/terms/defines" , "33" ,
 "http://purl.org/dc/elements/1.1/subject" , "33" ,
 "http://schema.org/creator" , "33" ,
 "http://www.geneontology.org/formats/oboInOwl#auto-generated-by" , "33" ,
 "http://purl.org/dc/elements/1.1/license" , "32" ,
 "http://schema.org/about" , "31" ,
 "http://purl.org/dc/terms/status" , "29" ,
 "http://purl.org/ontology/bibo/status" , "29" ,
 "http://purl.org/dc/elements/1.1/language" , "28" ,
 "http://purl.org/dc/terms/rightsHolder" , "28" ,
 "http://rdfs.org/ns/void#feature" , "28" ,
 "http://www.w3.org/2003/06/sw-vocab-status/ns#term_status" , "27" ,
 "http://purl.org/dc/terms/subject" , "26" ,
 "http://credreg.net/meta/terms/changeHistory" , "25" ,
 "http://credreg.net/meta/terms/hasConcept" , "25" ,
 "http://rdfs.org/ns/void#inDataset" , "25" ,
 "https://www.w3.org/2003/06/sw-vocab-status/ns#term_status" , "25" ,
 "http://protege.stanford.edu/plugins/owl/protege#defaultLanguage" , "22" ,
 "http://purl.org/dc/terms/partOf" , "22" ,
 "http://purl.obolibrary.org/obo/IAO_0000700" , "21" ,
 "http://www.w3.org/2004/02/skos/core#historyNote" , "20" ,
 "http://purl.org/dc/terms/hasFormat" , "19" ,
 "http://www.w3.org/2000/01/rdf-schema#subClassOf" , "19" ,
 "http://www.ontologydesignpatterns.org/schemas/cpannotationschema.owl#coversRequirements" , "18" ,
 "http://creativecommons.org/ns#attributionURL" , "17" ,
 "http://www.ontologydesignpatterns.org/schemas/cpannotationschema.owl#hasConsequences" , "17" ,
 "http://www.ontologydesignpatterns.org/schemas/cpannotationschema.owl#hasIntent" , "17" ,
 "http://purl.org/dc/terms/language" , "16" ,
 "http://purl.org/dc/terms/bibliographicCitation" , "15" ,
 "http://purl.org/dc/terms/hasPart" , "15" ,
 "http://rdfs.org/ns/void#vocabulary" , "15" ,
 "http://www.linkedmodel.org/schema/vaem#hasGraphMetadata" , "15" ,
 "http://creativecommons.org/ns#attributionName" , "14" ,
 "http://www.ontologydesignpatterns.org/schemas/cpannotationschema.owl#relatedCPs" , "14" ,
 "http://xmlns.com/foaf/0.1/primaryTopic" , "14" ,
 "http://www.ontologydesignpatterns.org/schemas/cpannotationschema.owl#extractedFrom" , "13" ,
 "http://www.ontologydesignpatterns.org/schemas/cpannotationschema.owl#scenarios" , "13" ,
 "http://www.w3.org/2002/07/owl#sameAs" , "13" ,
 "http://www.geneontology.org/formats/oboInOwl#NamespaceIdRule" , "12" ,
 "http://www.w3.org/2002/07/owl#backwardCompatibleWith" , "12" ,
 "http://xmlns.com/foaf/0.1/depiction" , "12" ,
 "http://xmlns.com/foaf/spec/name" , "12" ,
 "http://www.loc.gov/mads/rdf/v1#adminMetadata" , "11" ,
 "http://www.loc.gov/mads/rdf/v1#hasMADSSchemeMember" , "11" ,
 "http://www.w3.org/2004/02/skos/core#notation" , "11" ,
 "http://www.w3.org/ns/prov#wasDerivedFrom" , "11" ,
 "http://xmlns.com/foaf/0.1/page" , "11" ,
 "http://purl.org/dc/elements/1.1/abstract" , "10" ,
 "http://purl.org/dc/elements/1.1/created" , "10" ,
 "http://purl.org/dc/terms/isFormatOf" , "10" ,
 "http://purl.org/dc/terms/references" , "10" ,
 "http://schema.org/dateCreated" , "10" ,
 "http://xmlns.com/foaf/0.1/name" , "10" ,
 "http://creativecommons.org/ns#licence" , "9" ,
 "http://purl.org/dc/elements/1.1/type" , "9" ,
 "http://purl.org/vocab/vann/changes" , "9" ,
 "http://www.omg.org/techprocess/ab/SpecificationMetadata/fileAbstract" , "9" ,
 "http://www.w3.org/2002/07/owl#subClassOf" , "9" ,
 "http://purl.org/vocab/vann/example" , "8" ,
 "http://schema.org/dateModified" , "8" ,
 "http://spinrdf.org/spin#imports" , "8" ,
 "http://usefulinc.com/ns/doap#bug-database" , "8" ,
 "http://web.resource.org/cc/license" , "8" ,
 "http://xmlns.com/foaf/0.1/logo" , "8" ,
 "http://ontologydesignpatterns.org/opla/reusesPatternAsTemplate" , "7" ,
 "http://purl.org/dc/terms/#license" , "7" ,
 "http://purl.org/dc/terms/available" , "7" ,
 "http://purl.org/dc/terms/conformsTo" , "7" ,
 "http://purl.org/dc/terms/isVersionOf" , "7" ,
 "http://purl.org/dc/terms/mediator" , "7" ,
 "http://purl.org/dc/terms/replaces" , "7" ,
 "http://schema.org/name" , "7" ,
 "http://w3id.org/meta-share/lexmeta/wikibaseEntity" , "7" ,
 "http://www.ontologydesignpatterns.org/schemas/cpannotationschema.owl#hasAuthor" , "7" ,
 "http://www.w3.org/2004/02/skos/core#inScheme" , "7" ,
 "http://xmlns.com/foaf/spec/isPrimaryTopicOf" , "7" ,
 "https://schema.org/codeRepository" , "7" ,
 "http://publications.europa.eu/ontology/authority/prefLabel" , "6" ,
 "http://publications.europa.eu/ontology/authority/table.id" , "6" ,
 "http://publications.europa.eu/ontology/authority/table.version.number" , "6" ,
 "http://purl.org/dc/terms/isPartOf" , "6" ,
 "http://rdfs.org/ns/void#sparqlEndpoint" , "6" ,
 "http://schema.org/comment" , "6" ,
 "http://www.bbc.co.uk/ontologies/provenance/canonicalLocation" , "6" ,
 "http://www.bbc.co.uk/ontologies/provenance/changeReason" , "6" ,
 "http://www.bbc.co.uk/ontologies/provenance/public" , "6" ,
 "http://www.bbc.co.uk/ontologies/provenance/slug" , "6" ,
 "http://www.bbc.co.uk/ontologies/provenance/version" , "6" ,
 "http://www.geneontology.org/formats/oboInOwl#treat-xrefs-as-equivalent" , "6" ,
 "http://www.w3.org/1999/xhtml/vocab#license" , "6" ,
 "http://www.w3.org/2001/02pd/rec54#editor" , "6" ,
 "http://www.w3.org/2002/07/owl#incompatibleWith" , "6" ,
 "http://www.w3.org/2004/02/skos/core#altLabel" , "6" ,
 "http://www.w3.org/2004/02/skos/core#editorialNote" , "6" ,
 "http://www.w3.org/2004/02/skos/core#topConceptOf" , "6" ,
 "http://www.w3.org/2008/05/skos-xl#prefLabel" , "6" ,
 "http://www.w3.org/ns/prov#wasGeneratedBy" , "6" ,
 "http://www.w3.org/ns/shacl#declare" , "6" ,
 "http://purl.org/dc/terms/relation" , "5" ,
 "http://purl.org/dc/termscreator" , "5" ,
 "http://purl.org/dc/termsdescription" , "5" ,
 "http://purl.org/dc/termslicense" , "5" ,
 "http://purl.org/dc/termsmodified" , "5" ,
 "http://purl.org/dc/termstitle" , "5" ,
 "http://purl.org/net/ns/ontology-annot#created" , "5" ,
 "http://purl.org/net/ns/ontology-annot#creator" , "5" ,
 "http://purl.org/net/ns/ontology-annot#modified" , "5" ,
 "http://purl.org/ontology/bibo/doi" , "5" ,
 "http://purl.org/ontology/bibo/uri" , "5" ,
 "http://purl.org/vocab/vann/usageNote" , "5" ,
 "http://rdfs.org/ns/void#dataDump" , "5" ,
 "http://schema.org/citation" , "5" ,
 "http://usefulinc.com/ns/doap#repository" , "5" ,
 "http://www.omg.org/techprocess/ab/SpecificationMetadata/publicationDate" , "5" ,
 "http://www.w3.org/ns/adms#status" , "5" ,
 "http://www.w3.org/ns/prov#specializationOf" , "5" ,
 "http://www.w3.org/ns/prov#wasRevisionOf" , "5" ,
 "http://purl.obolibrary.org/obo/IAO_0000116" , "4" ,
 "http://purl.org/dc/terms/author" , "4" ,
 "http://purl.org/net/provenance/ns#createdBy" , "4" ,
 "http://purl.org/vocommons/voaf#classNumber" , "4" ,
 "http://purl.org/vocommons/voaf#propertyNumber" , "4" ,
 "http://purl.org/vocommons/voaf#specializes" , "4" ,
 "http://usefulinc.com/ns/doap#GitRepository" , "4" ,
 "http://usefulinc.com/ns/doap#homepage" , "4" ,
 "http://usefulinc.com/ns/doap#maintainer" , "4" ,
 "http://www.loc.gov/mads/rdf/v1#definitionNote" , "4" ,
 "http://www.loc.gov/mads/rdf/v1#hasTopMemberOfMADSScheme" , "4" ,
 "http://www.ontologydesignpatterns.org/schemas/cpannotationschema.owl#hasComponent" , "4" ,
 "http://www.ontologydesignpatterns.org/schemas/cpannotationschema.owl#isSpecializationOf" , "4" ,
 "http://www.ontologyrepository.com/CommonCoreOntologies/code_license" , "4" ,
 "http://www.ontologyrepository.com/CommonCoreOntologies/content_license" , "4" ,
 "http://www.w3.org/1999/xhtml/vocab#alternate" , "4" ,
 "http://www.w3.org/1999/xhtml/vocab#stylesheet" , "4" ,
 "http://www.w3.org/2004/02/skos/core#example" , "4" ,
 "http://www.w3.org/2004/02/skos/core#scopeNote" , "4" ,
 "http://www.w3.org/ns/dcat#distribution" , "4" ,
 "http://xmlns.com/foaf/0.1/isPrimaryTopicOf" , "4" ,
 "http://xmlns.com/foaf/0.1/mbox" , "4" ,
 "https://schema.org/creator" , "4" ,
 "https://schema.org/license" , "4" ,
 "https://w3id.org/linkml/generation_date" , "4" ,
 "https://w3id.org/linkml/metamodel_version" , "4" ,
 "https://w3id.org/linkml/source_file" , "4" ,
 "https://w3id.org/linkml/source_file_date" , "4" ,
 "https://w3id.org/linkml/source_file_size" , "4" ,
 "http://id.loc.gov/vocabulary/relators/fnd" , "3" ,
 "http://id.loc.gov/vocabulary/relators/pdr" , "3" ,
 "http://purl.obolibrary.org/obo/IAO_0000597" , "3" ,
 "http://purl.org/dc/terms/format" , "3" ,
 "http://purl.org/dc/terms/isReferencedBy" , "3" ,
 "http://purl.org/vocab/vann/preferredNamespaceURI" , "3" ,
 "http://purl.org/vocab/vann/termGroup" , "3" ,
 "http://purl.org/vocommons/voaf#extends" , "3" ,
 "http://purl.org/vocommons/voaf#reliesOn" , "3" ,
 "http://rdfs.org/ns/void#exampleResource" , "3" ,
 "http://rdfs.org/ns/void#subset" , "3" ,
 "http://rdfs.org/ns/void#triples" , "3" ,
 "http://schema.org/image" , "3" ,
 "http://topbraid.org/swa#defaultNamespace" , "3" ,
 "http://w3id.org/meta-share/meta-share/language" , "3" ,
 "http://www.agfa.com/w3c/2009/clinicalSKOSSchemes#hasDataType" , "3" ,
 "http://www.bbc.co.uk/ontologies/provenance/provided" , "3" ,
 "http://www.bbc.co.uk/ontologies/provenance/provider" , "3" ,
 "http://www.geneontology.org/formats/oboInOwl#treat-xrefs-as-genus-differentia" , "3" ,
 "http://www.linkedmodel.org/schema/vaem#dateCreated" , "3" ,
 "http://www.linkedmodel.org/schema/vaem#description" , "3" ,
 "http://www.linkedmodel.org/schema/vaem#namespace" , "3" ,
 "http://www.linkedmodel.org/schema/vaem#namespacePrefix" , "3" ,
 "http://www.linkedmodel.org/schema/vaem#usesNonImportedResource" , "3" ,
 "http://www.omg.org/techprocess/ab/SpecificationMetadata/relatedSpecification" , "3" ,
 "http://www.ontologydesignpatterns.org/opla/reusesPatternAsTemplate" , "3" ,
 "http://www.ontologydesignpatterns.org/schemas/cpannotationschema.owl#reengineeredFrom" , "3" ,
 "http://www.w3.org/1999/02/22-rdf-syntax-ns#about" , "3" ,
 "http://www.w3.org/1999/xhtml/vocab#bookmark" , "3" ,
 "http://www.w3.org/2000/01/rdf-schema#isDefinedby" , "3" ,
 "http://www.w3.org/2002/07/owl#ontologyIRI" , "3" ,
 "http://www.w3.org/ns/adms#versionNotes" , "3" ,
 "http://www.w3.org/ns/dcat#keyword" , "3" ,
 "http://www.w3.org/ns/lemon/ontolex#phoneticRep" , "3" ,
 "http://www.w3.org/ns/prov#alternateOf" , "3" ,
 "https://schema.org/dateCreated" , "3" ,
 "https://schema.org/dateIssued" , "3" ,
 "https://schema.org/dateModified" , "3" ,
 "https://schema.org/publisher" , "3" ,
 "http://id.loc.gov/vocabulary/relators/ctb" , "2" ,
 "http://omv.ontoware.org/2005/05/ontology#acronym" , "2" ,
 "http://omv.ontoware.org/2005/05/ontology#designedForOntologyTask" , "2" ,
 "http://publications.europa.eu/ontology/euvoc#startDate" , "2" ,
 "http://purl.obolibrary.org/obo/IAO_0000589" , "2" ,
 "http://purl.org/dc/elements/1.1/Language" , "2" ,
 "http://purl.org/dc/elements/1.1/coverage" , "2" ,
 "http://purl.org/dc/terms#creator" , "2" ,
 "http://purl.org/dc/terms#license" , "2" ,
 "http://purl.org/dc/terms/dateCopyrighted" , "2" ,
 "http://purl.org/dc/terms/decription" , "2" ,
 "http://purl.org/dc/terms/lastModified" , "2" ,
 "http://purl.org/dc/terms/licence" , "2" ,
 "http://purl.org/dc/terms/provenance" , "2" ,
 "http://purl.org/dc/terms/version" , "2" ,
 "http://purl.org/linked-data/registry#notation" , "2" ,
 "http://purl.org/linked-data/registry-ui#hierarchyChildProperty" , "2" ,
 "http://purl.org/linked-data/registry-ui#hierarchyRootProperty" , "2" ,
 "http://purl.org/pav/lastUpdateOn" , "2" ,
 "http://purl.org/vocab/frbr/core#complement" , "2" ,
 "http://purl.org/vocommons/voaf#toDoList" , "2" ,
 "http://rdfs.org/ns/void#classes" , "2" ,
 "http://rdfs.org/ns/void#entities" , "2" ,
 "http://rdfs.org/ns/void#properties" , "2" ,
 "http://rdfs.org/ns/void#uriSpace" , "2" ,
 "http://schema.org/license" , "2" ,
 "http://schema.org/schemaVersion" , "2" ,
 "http://topbraid.org/metadata#status" , "2" ,
 "http://usefulinc.com/ns/doap#download-page" , "2" ,
 "http://usefulinc.com/ns/doap#mailing-list" , "2" ,
 "http://usefulinc.com/ns/doap#wiki" , "2" ,
 "http://voag.linkedmodel.org/schema/voag#hasLicenseType" , "2" ,
 "http://voag.linkedmodel.org/schema/voag#withAttributionTo" , "2" ,
 "http://www.geneontology.org/formats/oboInOwl#remark" , "2" ,
 "http://www.geneontology.org/formats/oboInOwl#treat-xrefs-as-is_a" , "2" ,
 "http://www.linkedmodel.org/schema/vaem#acronym" , "2" ,
 "http://www.linkedmodel.org/schema/vaem#hasCatalogEntry" , "2" ,
 "http://www.linkedmodel.org/schema/vaem#intent" , "2" ,
 "http://www.linkedmodel.org/schema/vaem#lastUpdated" , "2" ,
 "http://www.linkedmodel.org/schema/vaem#revisionNumber" , "2" ,
 "http://www.linkedmodel.org/schema/vaem#specificity" , "2" ,
 "http://www.w3.org/1999/xhtml/vocab#chapter" , "2" ,
 "http://www.w3.org/1999/xhtml/vocab#contents" , "2" ,
 "http://www.w3.org/1999/xhtml/vocab#last" , "2" ,
 "http://www.w3.org/1999/xhtml/vocab#section" , "2" ,
 "http://www.w3.org/1999/xhtml/vocab#subsection" , "2" ,
 "http://www.w3.org/2000/01/rdf-schema#sameAs" , "2" ,
 "http://www.w3.org/2002/07/owl#Declaration" , "2" ,
 "http://www.w3.org/2002/07/owl#equivalentClass" , "2" ,
 "urn:neoneo:vocab" , "2" ,
 "file:///home/dgarijo/Documents/GitHub/ontology_metadata_landscape_analysis/ontology_files/wild/ontologyIRI" , "1" ,
 "http://archivo.dbpedia.org/trackThis" , "1" ,
 "http://buzzword.org.uk/rdf/personal-link-types#edit" , "1" ,
 "http://creativecommons.org/ns#useGuidelines" , "1" ,
 "http://d3fend.mitre.org/ontologies/d3fend.owl#release-date" , "1" ,
 "http://dublincore.org/documents/dcmi-terms/contributor" , "1" ,
 "http://dublincore.org/documents/dcmi-terms/created" , "1" ,
 "http://dublincore.org/documents/dcmi-terms/creator" , "1" ,
 "http://dublincore.org/documents/dcmi-terms/date" , "1" ,
 "http://dublincore.org/documents/dcmi-terms/format" , "1" ,
 "http://dublincore.org/documents/dcmi-terms/language" , "1" ,
 "http://dublincore.org/documents/dcmi-terms/publisher" , "1" ,
 "http://dublincore.org/documents/dcmi-terms/title" , "1" ,
 "http://edamontology.org/next_id" , "1" ,
 "http://edg.topbraid.solutions/model/subjectArea" , "1" ,
 "http://empusa.org/0.1/codeProjectDescription" , "1" ,
 "http://empusa.org/0.1/codeProjectFullName" , "1" ,
 "http://empusa.org/0.1/codeProjectGroup" , "1" ,
 "http://empusa.org/0.1/codeProjectName" , "1" ,
 "http://empusa.org/0.1/codeProjectVersion" , "1" ,
 "http://example.com/owl/families/import/familyImport17/ontologyIRI" , "1" ,
 "http://isweb.uni-koblenz.de/cicero#ciceroProjectURL" , "1" ,
 "http://mmisw.org/ont/mmi/20081020/ontologyMetadata/hasContentCreator" , "1" ,
 "http://mmisw.org/ont/mmi/20081020/ontologyMetadata/hasResourceType" , "1" ,
 "http://mmisw.org/ont/mmi/20081020/ontologyMetadata/origMaintainerCode" , "1" ,
 "http://mmisw.org/ont/mmi/20081020/ontologyMetadata/origVocLastModified" , "1" ,
 "http://mmisw.org/ont/mmi/20081020/ontologyMetadata/origVocUri" , "1" ,
 "http://mmisw.org/ont/mmi/20081020/ontologyMetadata/origVocVersionId" , "1" ,
 "http://ns.nature.com/terms/webpage" , "1" ,
 "http://ns.ottr.xyz/0.4/status" , "1" ,
 "http://omv.ontoware.org/2005/05/ontology#conformsToKnowledgeRepresentationParadigm" , "1" ,
 "http://omv.ontoware.org/2005/05/ontology#creationDate" , "1" ,
 "http://omv.ontoware.org/2005/05/ontology#description" , "1" ,
 "http://omv.ontoware.org/2005/05/ontology#documentation" , "1" ,
 "http://omv.ontoware.org/2005/05/ontology#hasContributor" , "1" ,
 "http://omv.ontoware.org/2005/05/ontology#hasCreator" , "1" ,
 "http://omv.ontoware.org/2005/05/ontology#hasFormalityLevel" , "1" ,
 "http://omv.ontoware.org/2005/05/ontology#hasOntologyLanguage" , "1" ,
 "http://omv.ontoware.org/2005/05/ontology#hasOntologySyntax" , "1" ,
 "http://omv.ontoware.org/2005/05/ontology#keywords" , "1" ,
 "http://omv.ontoware.org/2005/05/ontology#name" , "1" ,
 "http://omv.ontoware.org/2005/05/ontology#reference" , "1" ,
 "http://omv.ontoware.org/2005/05/ontology#usedOntologyEngineeringMethodology" , "1" ,
 "http://omv.ontoware.org/2005/05/ontology#usedOntologyEngineeringTool" , "1" ,
 "http://protege.stanford.edu/webprotege/revision" , "1" ,
 "http://purl.1122org/ontology/bibo/status" , "1" ,
 "http://purl.obolibrary.org/MCO_0000382" , "1" ,
 "http://purl.obolibrary.org/obo/FOBI_050000" , "1" ,
 "http://purl.obolibrary.org/obo/FOBI_050001" , "1" ,
 "http://purl.obolibrary.org/obo/FOBI_050002" , "1" ,
 "http://purl.obolibrary.org/obo/FOBI_050003" , "1" ,
 "http://purl.obolibrary.org/obo/IAO_0000117" , "1" ,
 "http://purl.obolibrary.org/obo/IAO_0000118" , "1" ,
 "http://purl.obolibrary.org/obo/comment" , "1" ,
 "http://purl.obolibrary.org/obo/createdBy" , "1" ,
 "http://purl.obolibrary.org/obo/date" , "1" ,
 "http://purl.obolibrary.org/obo/format-version" , "1" ,
 "http://purl.obolibrary.org/obo/idspace" , "1" ,
 "http://purl.obolibrary.org/obo/remark" , "1" ,
 "http://purl.org/NET/uri#identifier" , "1" ,
 "http://purl.org/dc/dcmitype/InteractiveResource" , "1" ,
 "http://purl.org/dc/dcmitype/StillImage" , "1" ,
 "http://purl.org/dc/elements/1.1/LicenseDocument" , "1" ,
 "http://purl.org/dc/elements/1.1/accessRights" , "1" ,
 "http://purl.org/dc/elements/1.1/accrualMethod" , "1" ,
 "http://purl.org/dc/elements/1.1/accrualPeriodicity" , "1" ,
 "http://purl.org/dc/elements/1.1/accrualPolicy" , "1" ,
 "http://purl.org/dc/elements/1.1/audience" , "1" ,
 "http://purl.org/dc/elements/1.1/author" , "1" ,
 "http://purl.org/dc/elements/1.1/available" , "1" ,
 "http://purl.org/dc/elements/1.1/bibliographicCitation" , "1" ,
 "http://purl.org/dc/elements/1.1/conformsTo" , "1" ,
 "http://purl.org/dc/elements/1.1/createdBy" , "1" ,
 "http://purl.org/dc/elements/1.1/desription" , "1" ,
 "http://purl.org/dc/elements/1.1/isReferencedBy" , "1" ,
 "http://purl.org/dc/elements/1.1/isVersionOf" , "1" ,
 "http://purl.org/dc/elements/1.1/titlecontributor" , "1" ,
 "http://purl.org/dc/elements/1.1/titlecreator" , "1" ,
 "http://purl.org/dc/elements/1.1/titletitle" , "1" ,
 "http://purl.org/dc/terms#issued" , "1" ,
 "http://purl.org/dc/terms#modified" , "1" ,
 "http://purl.org/dc/terms#publisher" , "1" ,
 "http://purl.org/dc/terms#version" , "1" ,
 "http://purl.org/dc/terms/accessRights" , "1" ,
 "http://purl.org/dc/terms/accrualPeriodicity" , "1" ,
 "http://purl.org/dc/terms/comment" , "1" ,
 "http://purl.org/dc/terms/contributor1" , "1" ,
 "http://purl.org/dc/terms/isReplacedBy" , "1" ,
 "http://purl.org/dc/terms/isRequiredBy" , "1" ,
 "http://purl.org/dc/terms/publishercreated" , "1" ,
 "http://purl.org/dc/terms/publisherissued" , "1" ,
 "http://purl.org/dc/terms/publisherlicense" , "1" ,
 "http://purl.org/dc/terms/publisherpublisher" , "1" ,
 "http://purl.org/dc/terms/requires" , "1" ,
 "http://purl.org/dc/terms/spatial" , "1" ,
 "http://purl.org/dc/terms/tableOfContents" , "1" ,
 "http://purl.org/dc/terms/updated" , "1" ,
 "http://purl.org/goodrelations/v1#BusinessEntity" , "1" ,
 "http://purl.org/makolab/caont/lastActualisationDate" , "1" ,
 "http://purl.org/net/ns/ontology-annot#relation" , "1" ,
 "http://purl.org/ontology/bibo/editor" , "1" ,
 "http://purl.org/openorg/contact" , "1" ,
 "http://purl.org/pav/createdBy" , "1" ,
 "http://purl.org/pav/derivedFrom" , "1" ,
 "http://purl.org/pav/hasPreviousVersion" , "1" ,
 "http://purl.org/pav/modifiedOn" , "1" ,
 "http://purl.org/spar/cito/citesAsAuthority" , "1" ,
 "http://purl.org/spar/cito/citesAsDataSource" , "1" ,
 "http://purl.org/spar/cito/isReviewedBy" , "1" ,
 "http://purl.org/vocab/frbr/core#abridgement" , "1" ,
 "http://purl.org/vocab/frbr/core#abridgementOf" , "1" ,
 "http://purl.org/vocab/frbr/core#complementOf" , "1" ,
 "http://purl.org/vocab/frbr/core#realization" , "1" ,
 "http://purl.org/vocab/vann/modified" , "1" ,
 "http://purl.org/vocab/vann/prefferedNamespacePrefix" , "1" ,
 "http://purl.org/vocab/vann/prefferedNamespaceURI" , "1" ,
 "http://purl.org/vocommons/voaf#exampleDataset" , "1" ,
 "http://purl.org/vocommons/voaf#preferredNamespacePrefix" , "1" ,
 "http://purl.org/vocommons/voaf#preferredNamespaceUri" , "1" ,
 "http://qudt.org/schema/qudt/acronym" , "1" ,
 "http://rdf.muninn-project.org/ontologies/military#member" , "1" ,
 "http://rdfs.org/ns/void#distinctObjects" , "1" ,
 "http://rdfs.org/ns/void#distinctSubjects" , "1" ,
 "http://rdfs.org/ns/void#rootResource" , "1" ,
 "http://rdfs.org/ns/void#uriRegexPattern" , "1" ,
 "http://schema.org/alternateName" , "1" ,
 "http://schema.org/author" , "1" ,
 "http://schema.org/datePublished" , "1" ,
 "http://schema.org/description" , "1" ,
 "http://schema.org/keywords" , "1" ,
 "http://schema.org/language" , "1" ,
 "http://schema.org/logo" , "1" ,
 "http://schema.org/publisher" , "1" ,
 "http://schema.org/subjectOf" , "1" ,
 "http://semanticscience.org/resource/SIO_000563" , "1" ,
 "http://topbraid.org/metadata#identifier" , "1" ,
 "http://topbraid.org/metadata#keyword" , "1" ,
 "http://topbraid.org/metadata#officialName" , "1" ,
 "http://topbraid.org/raci#responsible" , "1" ,
 "http://topbraid.org/teamwork#newInstancesUserCannotModifyURI" , "1" ,
 "http://uri.interlex.org/MIRO/uris/readable/axiom_patterns" , "1" ,
 "http://uri.interlex.org/MIRO/uris/readable/competition" , "1" ,
 "http://uri.interlex.org/MIRO/uris/readable/dereferenceable_iris" , "1" ,
 "http://uri.interlex.org/MIRO/uris/readable/development_community" , "1" ,
 "http://uri.interlex.org/MIRO/uris/readable/development_environment" , "1" ,
 "http://uri.interlex.org/MIRO/uris/readable/entity_deprecation_strategy" , "1" ,
 "http://uri.interlex.org/MIRO/uris/readable/entity_metadata_policy" , "1" ,
 "http://uri.interlex.org/MIRO/uris/readable/entity_naming_convention" , "1" ,
 "http://uri.interlex.org/MIRO/uris/readable/evaluation" , "1" ,
 "http://uri.interlex.org/MIRO/uris/readable/example_of_use" , "1" ,
 "http://uri.interlex.org/MIRO/uris/readable/identifier_generation_policy" , "1" ,
 "http://uri.interlex.org/MIRO/uris/readable/knowledge_acquisition_methodology" , "1" ,
 "http://uri.interlex.org/MIRO/uris/readable/knowledge_representation_language" , "1" ,
 "http://uri.interlex.org/MIRO/uris/readable/methodological_framework" , "1" ,
 "http://uri.interlex.org/MIRO/uris/readable/need" , "1" ,
 "http://uri.interlex.org/MIRO/uris/readable/scope_and_coverage" , "1" ,
 "http://uri.interlex.org/MIRO/uris/readable/source_knowledge_location" , "1" ,
 "http://uri.interlex.org/MIRO/uris/readable/sustainability_plan" , "1" ,
 "http://uri.interlex.org/MIRO/uris/readable/testing" , "1" ,
 "http://uri.interlex.org/MIRO/uris/readable/versioning_policy" , "1" ,
 "http://uri.interlex.org/tgbugs/uris/readable/indexNamespace" , "1" ,
 "http://urigen_local_uri/87b807e4-4286-46f3-89f6-f67df1657fdc#EFO_0000009" , "1" ,
 "http://usefulinc.com/ns/doap#GitRespository" , "1" ,
 "http://usefulinc.com/ns/doap#SVNRepository" , "1" ,
 "http://usefulinc.com/ns/doap#Version" , "1" ,
 "http://usefulinc.com/ns/doap#audience" , "1" ,
 "http://usefulinc.com/ns/doap#implements" , "1" ,
 "http://vocab.ciudadesabiertas.es/def/sector-publico/agenda-municipal#preferredNamespacePrefix" , "1" ,
 "http://vocab.ciudadesabiertas.es/def/sector-publico/agenda-municipal#preferredNamespaceUri" , "1" ,
 "http://vocab.org/vann/preferredNamespacePrefix" , "1" ,
 "http://vocab.org/vann/preferredNamespaceUri" , "1" ,
 "http://www.coinsweb.nl/cbim-2.0.rdf#creationDate" , "1" ,
 "http://www.coinsweb.nl/cbim-2.0.rdf#creator" , "1" ,
 "http://www.geneontology.org/formats/oboInOwl#?format-version" , "1" ,
 "http://www.geneontology.org/formats/oboInOwl#?mat-version" , "1" ,
 "http://www.geneontology.org/formats/oboInOwl#created_by" , "1" ,
 "http://www.geneontology.org/formats/oboInOwl#data-version" , "1" ,
 "http://www.geneontology.org/formats/oboInOwl#hasSubset" , "1" ,
 "http://www.geneontology.org/formats/oboInOwl#mat-version" , "1" ,
 "http://www.geneontology.org/formats/oboInOwl#savedBy" , "1" ,
 "http://www.geneontology.org/formats/oboInOwl#treat-xrefs-as-has-subclass" , "1" ,
 "http://www.geneontology.org/formats/oboInOwl#treat-xrefs-as-reverse-genus-differentia" , "1" ,
 "http://www.geneontology.org/formats/oboInOwl#typeref" , "1" ,
 "http://www.isibang.ac.in/ns/mod#browsingUI" , "1" ,
 "http://www.isibang.ac.in/ns/mod#competencyQuestion" , "1" ,
 "http://www.linkedmodel.org/schema/vaem#hasAspectScope" , "1" ,
 "http://www.linkedmodel.org/schema/vaem#hasDisciplineScope" , "1" ,
 "http://www.linkedmodel.org/schema/vaem#hasDomainScope" , "1" ,
 "http://www.linkedmodel.org/schema/vaem#hasGraphRole" , "1" ,
 "http://www.linkedmodel.org/schema/vaem#hasRole" , "1" ,
 "http://www.linkedmodel.org/schema/vaem#name" , "1" ,
 "http://www.linkedmodel.org/schema/vaem#rationale" , "1" ,
 "http://www.linkedmodel.org/schema/vaem#revision" , "1" ,
 "http://www.linkedmodel.org/schema/vaem#withAttributionTo" , "1" ,
 "http://www.loc.gov/mads/rdf/v1#useFor" , "1" ,
 "http://www.omg.org/techprocess/ab/SpecificationMetadata/addressForComments" , "1" ,
 "http://www.omg.org/techprocess/ab/SpecificationMetadata/directSource" , "1" ,
 "http://www.omg.org/techprocess/ab/SpecificationMetadata/isNormative" , "1" ,
 "http://www.omg.org/techprocess/ab/SpecificationMetadata/keyword" , "1" ,
 "http://www.omg.org/techprocess/ab/SpecificationMetadata/priorVersion" , "1" ,
 "http://www.omg.org/techprocess/ab/SpecificationMetadata/responsibleTaskForce" , "1" ,
 "http://www.omg.org/techprocess/ab/SpecificationMetadata/specificationAbbreviation" , "1" ,
 "http://www.omg.org/techprocess/ab/SpecificationMetadata/specificationAbstract" , "1" ,
 "http://www.omg.org/techprocess/ab/SpecificationMetadata/specificationTitle" , "1" ,
 "http://www.omg.org/techprocess/ab/SpecificationMetadata/specificationURL" , "1" ,
 "http://www.omg.org/techprocess/ab/SpecificationMetadata/specificationVersionStatus" , "1" ,
 "http://www.omg.org/techprocess/ab/SpecificationMetadata/specificationVersionURL" , "1" ,
 "http://www.omg.org/techprocess/ab/SpecificationMetadata/topicArea" , "1" ,
 "http://www.ontologydesignpatterns.org/schemas/cpannotationschema.owl#hasUnitTest" , "1" ,
 "http://www.opengis.net/def/metamodel/ogc-na/collectionView" , "1" ,
 "http://www.referent-tracking.com/RTS_00000001" , "1" ,
 "http://www.referent-tracking.com/RTS_00000002" , "1" ,
 "http://www.semanticweb.org/angelmariages/ontologies/2022/3/untitled-ontology-12#eg:author" , "1" ,
 "http://www.semanticweb.org/mpuebla/ontologies/2015/8/OntologyOfSpatialObject#creators" , "1" ,
 "http://www.semanticweb.org/oventura/TheMoneyHeist#authors" , "1" ,
 "http://www.semanticweb.org/oventura/TheMoneyHeist#ontology_name" , "1" ,
 "http://www.w3.org/1999/xhtml/vocab#appendix" , "1" ,
 "http://www.w3.org/1999/xhtml/vocab#external" , "1" ,
 "http://www.w3.org/1999/xhtml/vocab#help" , "1" ,
 "http://www.w3.org/2000/01/rdf-schema#domain" , "1" ,
 "http://www.w3.org/2000/01/rdf-schema#range" , "1" ,
 "http://www.w3.org/2000/01/rdf-schema#subPropertyOf" , "1" ,
 "http://www.w3.org/2000/01/rdf-schema#title" , "1" ,
 "http://www.w3.org/2000/01/rdf-schema.rdf#isDefinedBy" , "1" ,
 "http://www.w3.org/2000/01/rdf-schema.rdf#seeAlso" , "1" ,
 "http://www.w3.org/2002/07/owl#DataPropertyDomain" , "1" ,
 "http://www.w3.org/2002/07/owl#DataPropertyRange" , "1" ,
 "http://www.w3.org/2002/07/owl#Import" , "1" ,
 "http://www.w3.org/2002/07/owl#ObjectPropertyDomain" , "1" ,
 "http://www.w3.org/2002/07/owl#ObjectPropertyRange" , "1" ,
 "http://www.w3.org/2002/07/owl#Prefix" , "1" ,
 "http://www.w3.org/2002/07/owl#SubClassOf" , "1" ,
 "http://www.w3.org/2002/07/owl#SubDataPropertyOf" , "1" ,
 "http://www.w3.org/2002/07/owl#SubObjectPropertyOf" , "1" ,
 "http://www.w3.org/2002/07/owl#deprecated" , "1" ,
 "http://www.w3.org/2002/07/owl#description" , "1" ,
 "http://www.w3.org/2002/07/owl#disjointWith" , "1" ,
 "http://www.w3.org/2002/07/owl#issued" , "1" ,
 "http://www.w3.org/2002/07/owl#preferredNamespacePrefix" , "1" ,
 "http://www.w3.org/2002/07/owl#preferredNamespaceUri" , "1" ,
 "http://www.w3.org/2002/07/owl#title" , "1" ,
 "http://www.w3.org/2002/07/owl#versionURI" , "1" ,
 "http://www.w3.org/2003/06/sw-vocab-status/ns#status" , "1" ,
 "http://www.w3.org/2003/g/data-view#namespaceTransformation" , "1" ,
 "http://www.w3.org/2004/02/skos/core#member" , "1" ,
 "http://www.w3.org/2004/02/skos/core#prefLable" , "1" ,
 "http://www.w3.org/2004/02/skos/core#preflabel" , "1" ,
 "http://www.w3.org/2004/02/skos/core#related" , "1" ,
 "http://www.w3.org/2007/uwa/context/common.owl#termGroups" , "1" ,
 "http://www.w3.org/2009/08/skos-reference/skos.rdf#historyNote" , "1" ,
 "http://www.w3.org/ns/adms#relatedDocumentation" , "1" ,
 "http://www.w3.org/ns/adms#relatedWebPage" , "1" ,
 "http://www.w3.org/ns/dcat#contactPoint" , "1" ,
 "http://www.w3.org/ns/dcat#downloadURL" , "1" ,
 "http://www.w3.org/ns/dcat#theme" , "1" ,
 "http://www.w3.org/ns/dcat#version" , "1" ,
 "http://www.w3.org/ns/dx/prof/hasResource" , "1" ,
 "http://www.w3.org/ns/dx/prof/isProfileOf" , "1" ,
 "http://www.w3.org/ns/lemon/vartrans#imports" , "1" ,
 "http://www.w3.org/ns/lemon/vartrans#versionInfo" , "1" ,
 "http://www.w3.org/ns/org#hasUnit" , "1" ,
 "http://www.w3.org/ns/org#unitOf" , "1" ,
 "http://www.w3.org/ns/prov#has_provenance" , "1" ,
 "http://www.w3.org/ns/prov#wasAttributedTo" , "1" ,
 "http://www.w3.org/ns/prov#wasGeneratedAtTime" , "1" ,
 "http://www.w3.org/ns/radion#versionNotes" , "1" ,
 "http://www.w3.org/ns/shacl#suggestedShapesGraph" , "1" ,
 "http://www.w3id.org/laas-iot/lmu#versionInfo" , "1" ,
 "http://www.wurvoc.org/bibliography/om-2/reference" , "1" ,
 "http://www.wurvoc.org/vocabularies/WV/illustration" , "1" ,
 "http://www.wurvoc.org/vocabularies/WV/logo" , "1" ,
 "http://xmlns.com/foaf/0.1/fundedBy" , "1" ,
 "http://xmlns.com/foaf/spec/logo" , "1" ,
 "http://xmlns.com/foaf/spec/maker" , "1" ,
 "https://archivo.dbpedia.org/onto#trackThis" , "1" ,
 "https://creativecommons.org/ns#licence" , "1" ,
 "https://creativecommons.org/ns#license" , "1" ,
 "https://id.kb.se/vocab/comment" , "1" ,
 "https://id.kb.se/vocab/dataDisplay" , "1" ,
 "https://id.kb.se/vocab/hasTopConcept" , "1" ,
 "https://id.kb.se/vocab/license" , "1" ,
 "https://id.kb.se/vocab/meta" , "1" ,
 "https://id.kb.se/vocab/sameAs" , "1" ,
 "https://id.kb.se/vocab/title" , "1" ,
 "https://id.kb.se/vocab/version" , "1" ,
 "https://ontologies.semanticarts.com/gist/license" , "1" ,
 "https://purl.org/dc/terms/license" , "1" ,
 "https://schema.org/about" , "1" ,
 "https://schema.org/citation" , "1" ,
 "https://schema.org/comment" , "1" ,
 "https://schema.org/contributor" , "1" ,
 "https://schema.org/copyrightHolder" , "1" ,
 "https://schema.org/identifier" , "1" ,
 "https://schema.org/image" , "1" ,
 "https://schema.org/name" , "1" ,
 "https://w3id.org/def/S4WATR#preferredNamespacePrefix" , "1" ,
 "https://w3id.org/i40/sto#hasDBpediaResource" , "1" ,
 "https://w3id.org/i40/sto#hasOfficialResource" , "1" ,
 "https://w3id.org/i40/sto#hasWikipediaArticle" , "1" ,
 "https://w3id.org/italia/onto/ADMS/acronym" , "1" ,
 "https://w3id.org/italia/onto/ADMS/hasContributor" , "1" ,
 "https://w3id.org/italia/onto/ADMS/hasFormalityLevel" , "1" ,
 "https://w3id.org/italia/onto/ADMS/hasKeyClass" , "1" ,
 "https://w3id.org/italia/onto/ADMS/hasOntologyLanguage" , "1" ,
 "https://w3id.org/italia/onto/ADMS/hasSemanticAssetDistribution" , "1" ,
 "https://w3id.org/italia/onto/ADMS/hasTask" , "1" ,
 "https://w3id.org/italia/onto/ADMS/officialURI" , "1" ,
 "https://w3id.org/italia/onto/ADMS/prefix" , "1" ,
 "https://w3id.org/italia/onto/ADMS/semanticAssetInUse" , "1" ,
 "https://w3id.org/italia/onto/ADMS/status" , "1" ,
 "https://w3id.org/italia/onto/ADMS/target" , "1" ,
 "https://w3id.org/italia/onto/ADMS/type" , "1" ,
 "https://w3id.org/laas-iot/adream#versionInfo" , "1" ,
 "https://w3id.org/mod#competencyQuestion" , "1" ,
 "https://w3id.org/mod#vocabularyUsed" , "1" ,
 "https://w3id.org/roh/mirror/dc/terms/license" , "1" ,
 "https://w3id.org/simulation/ontology/isSimulacrumOf" , "1" ,
 "https://www.dublincore.org/specifications/dublin-core/dcmi-terms/#abstract" , "1" ,
 "https://www.dublincore.org/specifications/dublin-core/dcmi-terms/#title" , "1" ,
 "https://www.geonames.org/countries/EG/egypt.html#terms:creater" , "1" ,
 "https://www.omg.org/techprocess/ab/SpecificationMetadata/creationDate" , "1" ,
 "https://www.omg.org/techprocess/ab/SpecificationMetadata/filename" , "1" ,
 "https://xmlns.com/foaf/0.1/primaryTopic" , "1" ,
 "pav:createdOn" , "1" ,
 "pav:lastUpdatedOn" , "1" ,
 "pav:version" , "1" ,
